{
  "version": 1,
  "author": "Anonymous maker",
  "editor": "wokwi",
  "parts": [
    { "type": "wokwi-esp32-devkit-v1", "id": "esp", "top": -33.7, "left": -33.8, "attrs": {} },
    {
      "type": "wokwi-dht22",
      "id": "dht1",
      "top": -28.5,
      "left": 186.6,
      "attrs": { "temperature": "64.4", "humidity": "82.5" }
    },
    { "type": "wokwi-led", "id": "led1", "top": 102, "left": 291.8, "attrs": { "color": "red" } },
    {
      "type": "wokwi-resistor",
      "id": "r1",
      "top": 138.35,
      "left": 336,
      "attrs": { "value": "1000" }
    },
    {
      "type": "wokwi-photoresistor-sensor",
      "id": "ldr1",
      "top": 204.8,
      "left": -248.8,
      "attrs": {}
    },
    {
      "type": "wokwi-led",
      "id": "led2",
      "top": 236.4,
      "left": 157.4,
      "attrs": { "color": "green" }
    },
    {
      "type": "wokwi-resistor",
      "id": "r2",
      "top": 291.95,
      "left": 76.8,
      "attrs": { "value": "1000" }
    }
  ],
  "connections": [
    [ "esp:TX0", "$serialMonitor:RX", "", [] ],
    [ "esp:RX0", "$serialMonitor:TX", "", [] ],
    [ "dht1:GND", "esp:GND.1", "black", [ "v0" ] ],
    [ "dht1:VCC", "esp:3V3", "red", [ "v0" ] ],
    [ "led1:C", "esp:GND.1", "green", [ "v9.6", "h-66.8", "v-38.4" ] ],
    [ "r1:1", "led1:A", "green", [ "v0" ] ],
    [ "r1:2", "esp:D26", "green", [ "v0", "h8.4", "v19.2", "h-451.2", "v9.6" ] ],
    [ "dht1:SDA", "esp:D14", "green", [ "v0" ] ],
    [ "ldr1:VCC", "esp:3V3", "red", [ "h0" ] ],
    [ "ldr1:GND", "esp:GND.1", "black", [ "h0" ] ],
    [ "ldr1:AO", "esp:D32", "green", [ "h19.2", "v-211.9" ] ],
    [ "led2:A", "r2:2", "green", [ "v0" ] ],
    [ "r2:1", "esp:D19", "green", [ "v0" ] ],
    [ "led2:C", "esp:GND.1", "black", [ "v0", "h-38", "v-163.2" ] ]
  ],
  "dependencies": {}
}